Parameter,Value
c2,-0.0016339783370514088
c1,0.1985199116157707
c0,1.5678758173322636
