Parameter,Value
c2,-0.0010534553997054111
c1,0.12217349468979122
c0,1.8173343614228912
