Parameter,Value
c2,-0.002292678101291144
c1,0.22759982404790405
c0,2.139394457405865
