Parameter,Value
c2,-0.0012394297325877223
c1,0.13572758516787753
c0,1.5966589858738127
