Parameter,Value
c2,-0.0009803163363464693
c1,0.11934207780185087
c0,1.9150832556360744
