Parameter,Value
c3_e,-1.1446047243650885
c2_e,0.31512628272133036
c1_e,-0.002268056310852497
c0_e,3.4110216952908106
c3_c,-0.8696914711369449
c2_c,0.31530706537034514
c1_c,-0.0009044457221641503
c0_c,2.1167369875426174
