Parameter,Value
c3_e,-3.644408280223447
c2_e,0.3233353862026732
c1_e,-0.0013872885359912342
c0_e,2.714466363828887
c3_c,-6.369154981356237
c2_c,0.40031483698259784
c1_c,-0.001708884924375116
c0_c,2.356609073339597
