Parameter,Value
c3_e,-2.7234981367850546
c2_e,0.31388282159957354
c1_e,-0.0022148009099859024
c0_e,4.0120235917379015
c3_c,-1.6758672667815782
c2_c,0.27743152555395567
c1_c,-0.0006356600017289736
c0_c,1.9680659867492287
