Parameter,Value
c3_e,-7.573359912176097
c2_e,0.38404249991741163
c1_e,-0.0031019560843907404
c0_e,5.121978971011744
c3_c,-9.20471711492171
c2_c,0.456675575378949
c1_c,-0.003119524038675802
c0_c,4.386344084931859
