Parameter,Value
c3_e,-2.8353342112593203
c2_e,0.2396897397584361
c1_e,-0.001863187284281424
c0_e,3.136757655576288
c3_c,-2.1312971136973466
c2_c,0.21897651048503666
c1_c,-0.001000113477405859
c0_c,2.0725609322674776
