Parameter,Value
c3,0.0066092864001716205
c2,0.004014016911860484
c1,-3.1013988629807443e-05
c0,2.995399110634404
