Parameter,Value
c4,-2.9941866496423692
c3,0.20207530962392628
c1,-6.5582309928093e-06
c0,3.0542122100776314
