Parameter,Value
c3,0.00011948327483434667
c2,-0.010227042364187065
c1,0.342100640537149
c0,0.2104456355969286
