Parameter,Value
c4,-3.5797818297722177
c3,0.24591207199353418
c2,-0.0009865232085118471
c0,3.060918483323605
