Parameter,Value
c3,9.829623756267448e-05
c2,-0.008464266380584277
c1,0.2929796642151208
c0,0.7421895963573693
