Parameter,Value
c4,5.2646381214804245
c3,0.2248627405800874
c2,-0.006439196037971427
c1,0.00011748170655722631
