Parameter,Value
c3,0.000341863787912612
c2,-0.021197981793601755
c1,0.5465182554141337
c0,0.5675984856770023
