Parameter,Value
c3,9.760608902440947e-05
c2,-0.009854446444234874
c1,0.4097926086977992
c0,-0.0190284449937587
