Parameter,Value
c4,-0.3091431061238202
c2,0.004568123553640813
c1,-3.767798858254947e-05
c0,3.0429440561897283
