,Slope,Intercept
PAM-A,-39.74000000000019,207.3960000000001
PAM-B,-36.64000000000001,164.828
PAM-C,-25.48000000000005,128.51600000000002
PAM-D,-32.86000000000002,179.10400000000004
