Parameter,Value
c4_e,-61.578856876782154
c3_e,0.6143363347805304
c2_e,-0.002678169479466093
c1_e,5.023397876594934e-06
c0_e,155.1524094505434
c4_c,-62.140908995121066
c3_c,0.48514090481448385
c2_c,-0.0016328871999516726
c1_c,2.7536453814107042e-06
c0_c,157.8506478980737
