Parameter,Value
c4_e,-84.22256842512311
c3_e,0.4802745651108315
c2_e,-0.001263391222071695
c1_e,1.6148737102443852e-06
c0_e,193.0824105006895
c4_c,-82.95363511776587
c3_c,0.6178978236975203
c2_c,-0.0021287753089136827
c1_c,3.0847828710688535e-06
c0_c,191.76022118767125
