Parameter,Value
c4_e,-72.73947289119229
c3_e,0.7490476550083016
c2_e,-0.003542515646962946
c1_e,7.942686310204381e-06
c0_e,156.87249916592359
c4_c,-71.37058026613073
c3_c,0.6518166169333827
c2_c,-0.00255086233526295
c1_c,5.681056801656215e-06
c0_c,157.49652566112744
