Parameter,Value
c4_e,-59.795009408140785
c3_e,0.4949442709005868
c2_e,-0.001747404233804059
c1_e,3.0907471902488957e-06
c0_e,171.3763651747805
c4_c,-51.63821135268126
c3_c,0.40137554484896515
c2_c,-0.0010511561476478784
c1_c,1.939222578338568e-06
c0_c,169.34048676080124
