Parameter,Value
c4_e,-64.45636479693368
c3_e,0.5512871908707138
c2_e,-0.002158939318056091
c1_e,3.9129417074778e-06
c0_e,156.58512747290757
c4_c,-62.136160102824164
c3_c,0.43661962668442683
c2_c,-0.001181280595571338
c1_c,1.9568952752400082e-06
c0_c,157.2203144145827
