Parameter,Value
c4_e,-78.38363947838805
c3_e,0.40765910478329404
c2_e,-0.0008779704901900318
c1_e,1.0933708973714409e-06
c0_e,191.49722621035204
c4_c,-82.46732195163013
c3_c,0.4804821051286555
c2_c,-0.001246482026436741
c1_c,1.6351192514659353e-06
c0_c,193.05648112182243
