Parameter,Value
c4_e,-55.16295427591688
c3_e,0.5910458977345232
c2_e,-0.002722263607343488
c1_e,5.868267599534988e-06
c0_e,125.96747720065838
c4_c,-52.37012410008101
c3_c,0.53752296723924
c2_c,-0.0023222175070873783
c1_c,5.1086441427104725e-06
c0_c,126.57452995369577
