Parameter,Value
c4_e,-58.54090674526887
c3_e,0.6624533652803976
c2_e,-0.003136444854145052
c1_e,6.532305693609502e-06
c0_e,114.14311626257681
c4_c,-52.22852180691021
c3_c,0.5417275896941603
c2_c,-0.0023094198907218553
c1_c,4.8650741534469166e-06
c0_c,114.52673951927727
