Parameter,Value
c4_e,-56.17724542103757
c3_e,0.6229510197813555
c2_e,-0.0030079276422628025
c1_e,6.395562520206732e-06
c0_e,126.2135611422595
c4_c,-52.0569957141392
c3_c,0.6099386820058784
c2_c,-0.0033178305476751647
c1_c,8.439975744533518e-06
c0_c,125.64090082343021
