Parameter,Value
c4_e,-75.33890241019452
c3_e,0.7886648241854541
c2_e,-0.0036882236486302593
c1_e,7.97440026803031e-06
c0_e,157.21705616254374
c4_c,-71.88384582609248
c3_c,0.6527533057610239
c2_c,-0.0026640116951389733
c1_c,6.089980583274436e-06
c0_c,158.06536381906508
