Parameter,Value
c4_e,-66.76118711530131
c3_e,0.5129626620153878
c2_e,-0.0017361970918691007
c1_e,3.0175786328688035e-06
c0_e,156.99691121180268
c4_c,-59.97774668513427
c3_c,0.5017618907036058
c2_c,-0.0017759371239103212
c1_c,3.1320846810935834e-06
c0_c,156.65175906610244
