Parameter,Value
c4_e,-78.73422890560344
c3_e,0.6324059915696341
c2_e,-0.002288862543025392
c1_e,4.687273834284812e-06
c0_e,164.68470836645278
c4_c,-65.92821653929275
c3_c,0.4546170234277903
c2_c,-0.0004150148820746092
c1_c,8.875985724867285e-08
c0_c,161.3837559084691
