Parameter,Value
c4_e,-86.68581220747365
c3_e,0.47449807061015736
c2_e,-0.0012689700597284747
c1_e,1.6610521970642623e-06
c0_e,199.35865146353288
c4_c,-76.11294615440794
c3_c,0.4978102201407779
c2_c,-0.0014080180928013675
c1_c,1.9888780815663713e-06
c0_c,195.60231104009787
