Parameter,Value
c4_e,-58.571979679165125
c3_e,0.5029311854858616
c2_e,-0.0018775088518171333
c1_e,3.4616029038574634e-06
c0_e,170.80438136605488
c4_c,-57.5906594543053
c3_c,0.4252857487099304
c2_c,-0.001223997458592235
c1_c,2.117400717262347e-06
c0_c,171.63296130419536
