Parameter,Value
c4_e,-56.065485617411156
c3_e,0.6091752383794392
c2_e,-0.0028525024908119404
c1_e,5.977358817800334e-06
c0_e,114.27654877383438
c4_c,-50.39601937200066
c3_c,0.6144534509195998
c2_c,-0.0035044748654254033
c1_c,9.121822692326933e-06
c0_c,113.5702821285772
