Parameter,Value
c4_e,-87.27378159492189
c3_e,0.503796459508826
c2_e,-0.0012987807882384233
c1_e,1.5957360544780732e-06
c0_e,192.85072331096939
c4_c,-78.46087998961997
c3_c,0.4409852859227078
c2_c,-0.0011491554149715402
c1_c,1.6402577896682e-06
c0_c,192.58424320792346
