Parameter,Value
c4_e,-73.9091880119979
c3_e,0.8268765023551161
c2_e,-0.004145737134023388
c1_e,9.305281077011953e-06
c0_e,161.38499576815622
c4_c,-70.44102855465796
c3_c,0.6481608738017223
c2_c,-0.0025455835327325314
c1_c,5.690418890197429e-06
c0_c,162.4287548440664
