Parameter,Value
c4_e,-85.82131700559978
c3_e,0.5080028272992992
c2_e,-0.0014785297803436076
c1_e,1.9638611777418497e-06
c0_e,193.37013165937694
c4_c,-77.13443034855844
c3_c,0.38741685118951796
c2_c,-0.0007592211233970102
c1_c,9.381627491475374e-07
c0_c,192.34833197683338
