Parameter,Value
c4_e,-71.87701015655475
c3_e,0.6780568226456021
c2_e,-0.002771915209914678
c1_e,5.921186039300912e-06
c0_e,161.98084110198099
c4_c,-69.6052834097751
c3_c,0.6174780977772975
c2_c,-0.0024693523971018997
c1_c,5.950587577915614e-06
c0_c,162.6649641803379
