Parameter,Value
c4_e,-52.728382593781134
c3_e,0.583613041330434
c2_e,-0.0026934034997167944
c1_e,5.809392418683102e-06
c0_e,125.47364853664017
c4_c,-55.03409311290259
c3_c,0.6332933881450838
c2_c,-0.0029422577106520413
c1_c,6.320004922333203e-06
c0_c,125.99363224549437
