Parameter,Value
c3,0.13731652809115452
c2,3.0631326365532474
c1,0.045752617047847256
c0,1.1692874004014782
