Parameter,Value
c3,0.12724781564887266
c2,0.4455508522886404
c1,-0.010822313584342238
c0,2.1572489921870526
