Parameter,Value
c5,-13.483779834068722
c4,0.18357240786555187
c3,-0.0025379656809339244
c2,18.78141539191411
c1,0.1166325965652452
c0,-4.009300726031062
