Parameter,Value
c5,-19.013338237169542
c4,0.256114638961673
c3,-0.0013893511922986376
c2,14.707160619231994
c1,0.03273867838477812
c0,-0.6996405922943583
