Parameter,Value
c3,0.23332144377575836
c2,-0.0029225352195454413
c1,-0.0298823074664738
c0,2.595550244684647
