Parameter,Value
c5,-20.396920551970144
c4,0.08683395344310224
c3,-0.0017272160629932345
c2,29.941932822341002
c1,0.15069572014054017
c0,-8.563241279888759
