Parameter,Value
c5,-13.687509707968685
c4,0.1561357740494249
c3,-0.0014071976115400775
c2,16.490529901206184
c1,0.04557486558970007
c0,-3.1441385535094715
