Parameter,Value
c3,0.05976117119257026
c2,6.222345241128626
c1,0.06423104716394193
c0,-0.799947850946968
