Parameter,Value
c3,-0.18368066447441328
c2,6.132620993822116
c1,0.24751378649818337
c0,1.3878058534107696
