Parameter,Value
c3,0.24539155290308698
c2,0.348520720494154
c1,-0.03648065439654661
c0,6.317713280635616
