Parameter,Value
c3,0.050196646092025454
c2,-0.006700753505269663
c1,0.12645649190125574
c0,4.48168264112658
