Parameter,Value
c3,-0.2200384838307747
c2,7.654326708655323
c1,0.2674343874076683
c0,0.645716195761563
