Parameter,Value
c3,0.024433459831936802
c2,-2.1001332593230075
c1,0.12364727599019402
c0,6.586259764923632
