Parameter,Value
c3,0.08917858483709244
c2,-2.5113019217237906
c1,0.07321823503382552
c0,7.213307508515362
