Parameter,Value
c3,0.09841115020473838
c2,0.23682513784421472
c1,0.0875771403647042
c0,4.620274916107021
