Parameter,Value
c3,0.14854014673538612
c2,-1.028357206236081
c1,0.05696565758589028
c0,5.420729943028166
