Parameter,Value
c3,-0.20081995192115706
c2,7.001791613280222
c1,0.25617273268591334
c0,0.9110019301089759
