Parameter,Value
c3,0.16858149052506996
c2,0.5910993324148909
c1,0.009530190347208662
c0,6.091271186167807
