Parameter,Value
c3,0.09173378535464059
c2,-0.7152864059813372
c1,0.06648699025424251
c0,6.328330942942004
