Parameter,Value
c3,0.09759310367528273
c2,2.2448617400512814
c1,0.04350537194057786
c0,5.3693332606602615
