Parameter,Value
c4_e,-10.80548832
c3_e,0.450497796
c2_e,-0.00225918
c1_e,-1.57E-05
c0_e,5.574466414
c4_c,-10.66911524
c3_c,0.343521321
c2_c,0.001986353
c1_c,-3.82E-05
c0_c,4.971996714
c4_ec,-10.73730178
c3_ec,0.397009559
c2_ec,-0.000136413
c1_ec,-2.69618E-05
c0_ec,5.273231564
