Parameter,Value
c3_g,5.94392083975154
c2_g,0.44272062561510567
c1_g,-0.004006633223204469
c0_g,-3.861771309060414
