Parameter,Value
c4_e,-4.790580958682792
c3_e,0.3257516618753605
c2_e,-0.003090502119278624
c1_e,1.0415622167392756e-05
c0_e,3.532332539769362
c4_c,-4.682809688810348
c3_c,0.34823486381674956
c2_c,-0.0033608025103389746
c1_c,2.3103625974349506e-05
c0_c,2.630723231990272
