Parameter,Value
c3_e,-0.8859035606157248
c2_e,0.29592647173457004
c1_e,-0.001882054084867524
c0_e,3.489776003979534
c3_c,-1.3388217244413934
c2_c,0.3604414159023546
c1_c,-0.002030970703730257
c0_c,2.325743653439241
