Parameter,Value
c4_e,-4.840006823969499
c3_e,0.30193830777281794
c2_e,-0.002207699485924669
c1_e,-4.358286370700054e-07
c0_e,3.6650119193375543
c4_c,-4.393613430075675
c3_c,0.2885243326244715
c2_c,-0.0017439048485830514
c1_c,1.0577955568821313e-05
c0_c,2.7328436778361964
