Parameter,Value
c4_e,-2.1739513219899607
c3_e,0.2596919613825575
c2_e,-0.0010482759603566403
c1_e,4.393729193266246e-06
c0_e,4.4031544951898995
c4_c,-3.4925361897735496
c3_c,0.34607528523355374
c2_c,-0.0016088578185699351
c1_c,1.5151009511051302e-05
c0_c,2.879581707669976
