Parameter,Value
c4_e,-3.404723479668155
c3_e,0.41521272870830256
c2_e,-0.004290050817325027
c1_e,3.351168845943045e-05
c0_e,4.391973427612966
c4_c,-5.179251486678152
c3_c,0.6179302661076262
c2_c,-0.00883597951892237
c1_c,9.109306175368842e-05
c0_c,3.2751888222303265
