Parameter,Value
c3_g,3.127104187787722
c2_g,0.3187797437562726
c1_g,-0.0030597302965580933
c0_g,-2.0024369623544387
