Parameter,Value
c3_g,7.157657680300081
c2_g,0.43677027607589053
c1_g,-0.005102107958375914
c0_g,-3.1927395018975964
