Parameter,Value
c4_e,-8.895573951729126
c3_e,0.3899492073385055
c2_e,-0.0017363057847773274
c1_e,-9.514571139760178e-06
c0_e,5.393272011057829
c4_c,-8.966492640236998
c3_c,0.22952741185116493
c2_c,0.004745063009315007
c1_c,-6.1697125407993e-05
c0_c,4.97495380384969
