Parameter,Value
c4_e,-10.319016671039742
c3_e,0.35084862771759273
c2_e,0.00041466388503933816
c1_e,-3.077931461238534e-05
c0_e,5.511669624872711
c4_c,-11.456781771613397
c3_c,0.3827193843835631
c2_c,0.0008257152893574146
c1_c,-3.0120898692713908e-05
c0_c,5.047362301138784
