Parameter,Value
c4_e,-10.132313428410168
c3_e,0.28679022527905074
c2_e,0.0021961720622088407
c1_e,-4.280827061030334e-05
c0_e,5.584333509380623
c4_c,-12.516955392203672
c3_c,0.3948090590458952
c2_c,0.001449913178773037
c1_c,-4.818918179449739e-05
c0_c,5.271656796665305
