Parameter,Value
c3_e,-55.319135675294916
c2_e,0.2970990838254357
c1_e,-0.00010090469705971775
c0_e,163.9469508419306
c3_c,-55.72129802716375
c2_c,0.2940267178916905
c1_c,-5.4229591806864275e-05
c0_c,164.92355568711943
