Parameter,Value
c3_e,-43.63378994322051
c2_e,0.26856271542438376
c1_e,-0.0002344623820896257
c0_e,116.02226692665647
c3_c,-41.259924785746364
c2_c,0.23931717620664048
c1_c,-0.0001241725767857627
c0_c,116.51104992465646
