Parameter,Value
c3_e,-67.69364579504872
c2_e,0.21170751231581963
c1_e,-7.302532886746864e-05
c0_e,201.11323885580705
c3_c,-63.325124552288685
c2_c,0.18523530463268648
c1_c,9.099640598209023e-06
c0_c,200.90266287167123
