Parameter,Value
c3_e,-42.4382990175489
c2_e,0.22640776541741123
c1_e,-8.755832600862082e-05
c0_e,116.2828911031591
c3_c,-39.987955710864156
c2_c,0.24102724688288454
c1_c,-0.00011002171695637434
c0_c,115.67833017388519
