Parameter,Value
c3_e,-43.71115123898139
c2_e,0.16563995933534537
c1_e,9.000589536567001e-05
c0_e,172.41670517180603
c3_c,-39.937009577494656
c2_c,0.21083368913809036
c1_c,-3.5218746819046506e-05
c0_c,170.2054184471472
