Parameter,Value
c3_e,-45.00626831805176
c2_e,0.17156129480026286
c1_e,9.322653873595016e-05
c0_e,157.04665305673524
c3_c,-46.817757501419614
c2_c,0.18018191399087272
c1_c,3.7044657678537525e-05
c0_c,159.08305654542954
