Parameter,Value
c3_e,-56.73431971400979
c2_e,0.300553864065849
c1_e,-0.00011875583741327266
c0_e,159.73704350974558
c3_c,-56.70273503747164
c2_c,0.2862512790487576
c1_c,-2.6319512710418307e-05
c0_c,160.63639593253836
