Parameter,Value
c3_e,-47.86290950715197
c2_e,0.16045507234462178
c1_e,0.00011242222182108131
c0_e,158.5315099463318
c3_c,-47.201852540253945
c2_c,0.20539172207281903
c1_c,-1.9690157956909213e-05
c0_c,158.29463379010073
