Parameter,Value
c3_e,-67.98325911102737
c2_e,0.184129666283422
c1_e,-1.2569292792338588e-05
c0_e,197.6242357303037
c3_c,-61.59729623966766
c2_c,0.23321748952306826
c1_c,-0.00010532326184107021
c0_c,193.71561430439712
