Parameter,Value
c3_e,-65.46155808881778
c2_e,0.16739824125176966
c1_e,1.9589141100336305e-05
c0_e,215.63812711635833
c3_c,-63.480002709108476
c2_c,0.21387090356602587
c1_c,-8.362824503942112e-05
c0_c,214.60929744059456
