Parameter,Value
c3_e,-65.46155966444684
c2_e,0.1673982549299149
c1_e,1.958911646346532e-05
c0_e,201.6381272908618
c3_c,-63.48000087090365
c2_c,0.21387089086302968
c1_c,-8.3628217083608e-05
c0_c,200.60929700303458
