Parameter,Value
c3_e,-42.39119795503847
c2_e,0.22504286742041238
c1_e,-8.304067688857551e-05
c0_e,128.24719391285586
c3_c,-41.58158035909252
c2_c,0.2458864829311466
c1_c,-0.0001143985104815472
c0_c,127.88864433471309
