Parameter,Value
c3_e,-61.19840845801889
c2_e,0.28462050963356605
c1_e,-5.84015974395276e-05
c0_e,167.0076824085508
c3_c,-55.41304927987177
c2_c,0.3554536395645931
c1_c,-0.0003320690829299537
c0_c,163.96921217892776
