Parameter,Value
c3_e,-56.08864860493396
c2_e,0.29911696131178905
c1_e,-0.00011698352587317523
c0_e,164.45359650523832
c3_c,-55.59861234076598
c2_c,0.27383178603810293
c1_c,3.1537744491813663e-05
c0_c,165.2705715801113
