Parameter,Value
c3_e,-56.18450106201529
c2_e,0.288784456368597
c1_e,-7.810971782821479e-05
c0_e,159.54136081262104
c3_c,-56.83325963710968
c2_c,0.29826258697930325
c1_c,-6.289435922152264e-05
c0_c,160.1513574362294
