Parameter,Value
c3_e,-66.19943719358514
c2_e,0.19794264978845377
c1_e,-4.3702421243181846e-05
c0_e,201.30972320111684
c3_c,-64.30467105352838
c2_c,0.2125716325389876
c1_c,-3.955517490433936e-05
c0_c,200.09712976723816
