Parameter,Value
c3_e,-42.51562546615692
c2_e,0.25576755646294147
c1_e,-0.00019179903515317932
c0_e,115.84911601674162
c3_c,-41.5162222745199
c2_c,0.23497335595095742
c1_c,-9.214246988284724e-05
c0_c,116.63003760282976
