Parameter,Value
c3_e,-44.036057026654554
c2_e,0.16542833569438087
c1_e,9.621704059509913e-05
c0_e,157.38612528325805
c3_c,-43.65723284147822
c2_c,0.18260146868141863
c1_c,3.370143252225195e-05
c0_c,157.66475452750788
