Parameter,Value
c3_e,-40.41265985320824
c2_e,0.2518029575041842
c1_e,-0.0001861395763811149
c0_e,115.16880227829805
c3_c,-41.77997040206236
c2_c,0.2511524701188566
c1_c,-0.000130049553355737
c0_c,116.00387352852515
