Parameter,Value
c3_e,-63.83064469420782
c2_e,0.21442646771931415
c1_e,-8.838297644114878e-05
c0_e,194.5942824147438
c3_c,-65.77520514503298
c2_c,0.2018891791288885
c1_c,-3.0663440411562085e-05
c0_c,196.39216920392403
