Parameter,Value
c3_e,-48.924599197850156
c2_e,0.1866715858847832
c1_e,4.4330943345377356e-05
c0_e,158.4036405445024
c3_c,-44.554652130923024
c2_c,0.1754720505654689
c1_c,6.96285118975445e-05
c0_c,157.7848832285016
