Parameter,Value
c3_g,-0.5281532084186615
c2_g,0.30045142266052066
c1_g,-0.0014288306628993898
c0_g,2.793346473283107
