Parameter,Value
c3_g,0.32289387677268977
c2_g,0.22655068943888337
c1_g,-0.0006130430595679021
c0_g,2.338855763906328
