Parameter,Value
c3_g,-1.8768658076335232
c2_g,0.2156990761713694
c1_g,-0.0012334911299186379
c0_g,2.400644152138898
