Parameter,Value
c3_g,-4.862781678626007
c2_g,0.35729597649346884
c1_g,-0.0014983371083204708
c0_g,2.522367932558448
